Workbook

Sheet Dashboard
B2: DESPIECE DE KITS — Dashboard
B4: Kit: | C4: EC-3K | E4: Nombre: | F4: =IFERROR(VLOOKUP($C$4,Kits!$A$2:$F$13,2,FALSE),"")
B5: Estructura: | C5: Chapa | E5: Fase / Tipo: | F5: =IFERROR(VLOOKUP($C$4,Kits!$A$2:$F$13,3,FALSE)&" / "&VLOOKUP($C$4,Kits!$A$2:$F$13,4,FALSE),"")
B6: Marca Estructura: | C6: SOLARMET | E6: Potencia / Paneles: | F6: =IFERROR(VLOOKUP($C$4,Kits!$A$2:$F$13,5,FALSE)&" kW · "&VLOOKUP($C$4,Kits!$A$2:$F$13,6,FALSE)&" paneles","")
B7: Soporte Batería: | C7: Pared
B9: COMPONENTES BASE DEL KIT
B10: Qty | C10: Item | D10: Categoría | E10: Marca | F10: Código
B11: =IFERROR(VLOOKUP($C$4&"|"&1,BOM_Base!$A$2:$H$55,4,FALSE),"") | C11: =IFERROR(VLOOKUP($C$4&"|"&1,BOM_Base!$A$2:$H$55,5,FALSE),"") | D11: =IFERROR(VLOOKUP($C$4&"|"&1,BOM_Base!$A$2:$H$55,6,FALSE),"") | E11: =IFERROR(VLOOKUP($C$4&"|"&1,BOM_Base!$A$2:$H$55,7,FALSE),"") | F11: =IFERROR(VLOOKUP($C$4&"|"&1,BOM_Base!$A$2:$H$55,8,FALSE),"")
B12: =IFERROR(VLOOKUP($C$4&"|"&2,BOM_Base!$A$2:$H$55,4,FALSE),"") | C12: =IFERROR(VLOOKUP($C$4&"|"&2,BOM_Base!$A$2:$H$55,5,FALSE),"") | D12: =IFERROR(VLOOKUP($C$4&"|"&2,BOM_Base!$A$2:$H$55,6,FALSE),"") | E12: =IFERROR(VLOOKUP($C$4&"|"&2,BOM_Base!$A$2:$H$55,7,FALSE),"") | F12: =IFERROR(VLOOKUP($C$4&"|"&2,BOM_Base!$A$2:$H$55,8,FALSE),"")
B13: =IFERROR(VLOOKUP($C$4&"|"&3,BOM_Base!$A$2:$H$55,4,FALSE),"") | C13: =IFERROR(VLOOKUP($C$4&"|"&3,BOM_Base!$A$2:$H$55,5,FALSE),"") | D13: =IFERROR(VLOOKUP($C$4&"|"&3,BOM_Base!$A$2:$H$55,6,FALSE),"") | E13: =IFERROR(VLOOKUP($C$4&"|"&3,BOM_Base!$A$2:$H$55,7,FALSE),"") | F13: =IFERROR(VLOOKUP($C$4&"|"&3,BOM_Base!$A$2:$H$55,8,FALSE),"")
B14: =IFERROR(VLOOKUP($C$4&"|"&4,BOM_Base!$A$2:$H$55,4,FALSE),"") | C14: =IFERROR(VLOOKUP($C$4&"|"&4,BOM_Base!$A$2:$H$55,5,FALSE),"") | D14: =IFERROR(VLOOKUP($C$4&"|"&4,BOM_Base!$A$2:$H$55,6,FALSE),"") | E14: =IFERROR(VLOOKUP($C$4&"|"&4,BOM_Base!$A$2:$H$55,7,FALSE),"") | F14: =IFERROR(VLOOKUP($C$4&"|"&4,BOM_Base!$A$2:$H$55,8,FALSE),"")
B15: =IFERROR(VLOOKUP($C$4&"|"&5,BOM_Base!$A$2:$H$55,4,FALSE),"") | C15: =IFERROR(VLOOKUP($C$4&"|"&5,BOM_Base!$A$2:$H$55,5,FALSE),"") | D15: =IFERROR(VLOOKUP($C$4&"|"&5,BOM_Base!$A$2:$H$55,6,FALSE),"") | E15: =IFERROR(VLOOKUP($C$4&"|"&5,BOM_Base!$A$2:$H$55,7,FALSE),"") | F15: =IFERROR(VLOOKUP($C$4&"|"&5,BOM_Base!$A$2:$H$55,8,FALSE),"")
B17: ESTRUCTURA SELECCIONADA (SET)
B18: Qty | C18: Item | D18: Categoría | E18: Marca | F18: Código Set
B19: =IFERROR(VLOOKUP($C$4&"|"&$C$5&"|"&$C$6,BOM_Estructura!$A$2:$H$73,5,FALSE),"") | C19: =IFERROR(VLOOKUP($C$4&"|"&$C$5&"|"&$C$6,BOM_Estructura!$A$2:$H$73,6,FALSE),"") | D19: =IFERROR(VLOOKUP($C$4&"|"&$C$5&"|"&$C$6,BOM_Estructura!$A$2:$H$73,7,FALSE),"") | E19: =IFERROR(VLOOKUP($C$4&"|"&$C$5&"|"&$C$6,BOM_Estructura!$A$2:$H$73,4,FALSE),"") | F19: =IFERROR(VLOOKUP($C$4&"|"&$C$5&"|"&$C$6,BOM_Estructura!$A$2:$H$73,8,FALSE),"")
B21: DESPIECE INTERNO DE LA ESTRUCTURA (por set)
B22: Set: | C22: =$F$19 | D22: Sets a usar: | E22: =$B$19
B23: Qty x set | C23: Qty Total | D23: Item | E23: Categoría | F23: Marca | G23: Código
B24: =IFERROR(VLOOKUP($C$22&"|"&1,Estructuras_Detalle!$A$2:$G$92,4,FALSE),"") | C24: =IFERROR(VLOOKUP($C$22&"|"&1,Estructuras_Detalle!$A$2:$G$92,4,FALSE)*$E$22,"") | D24: =IFERROR(VLOOKUP($C$22&"|"&1,Estructuras_Detalle!$A$2:$G$92,5,FALSE),"") | E24: =IFERROR(VLOOKUP($C$22&"|"&1,Estructuras_Detalle!$A$2:$G$92,6,FALSE),"") | F24: =IFERROR(VLOOKUP($C$22&"|"&1,Estructuras_Detalle!$A$2:$G$92,3,FALSE),"") | G24: =IFERROR(VLOOKUP($C$22&"|"&1,Estructuras_Detalle!$A$2:$G$92,7,FALSE),"")
B25: =IFERROR(VLOOKUP($C$22&"|"&2,Estructuras_Detalle!$A$2:$G$92,4,FALSE),"") | C25: =IFERROR(VLOOKUP($C$22&"|"&2,Estructuras_Detalle!$A$2:$G$92,4,FALSE)*$E$22,"") | D25: =IFERROR(VLOOKUP($C$22&"|"&2,Estructuras_Detalle!$A$2:$G$92,5,FALSE),"") | E25: =IFERROR(VLOOKUP($C$22&"|"&2,Estructuras_Detalle!$A$2:$G$92,6,FALSE),"") | F25: =IFERROR(VLOOKUP($C$22&"|"&2,Estructuras_Detalle!$A$2:$G$92,3,FALSE),"") | G25: =IFERROR(VLOOKUP($C$22&"|"&2,Estructuras_Detalle!$A$2:$G$92,7,FALSE),"")
B26: =IFERROR(VLOOKUP($C$22&"|"&3,Estructuras_Detalle!$A$2:$G$92,4,FALSE),"") | C26: =IFERROR(VLOOKUP($C$22&"|"&3,Estructuras_Detalle!$A$2:$G$92,4,FALSE)*$E$22,"") | D26: =IFERROR(VLOOKUP($C$22&"|"&3,Estructuras_Detalle!$A$2:$G$92,5,FALSE),"") | E26: =IFERROR(VLOOKUP($C$22&"|"&3,Estructuras_Detalle!$A$2:$G$92,6,FALSE),"") | F26: =IFERROR(VLOOKUP($C$22&"|"&3,Estructuras_Detalle!$A$2:$G$92,3,FALSE),"") | G26: =IFERROR(VLOOKUP($C$22&"|"&3,Estructuras_Detalle!$A$2:$G$92,7,FALSE),"")
B27: =IFERROR(VLOOKUP($C$22&"|"&4,Estructuras_Detalle!$A$2:$G$92,4,FALSE),"") | C27: =IFERROR(VLOOKUP($C$22&"|"&4,Estructuras_Detalle!$A$2:$G$92,4,FALSE)*$E$22,"") | D27: =IFERROR(VLOOKUP($C$22&"|"&4,Estructuras_Detalle!$A$2:$G$92,5,FALSE),"") | E27: =IFERROR(VLOOKUP($C$22&"|"&4,Estructuras_Detalle!$A$2:$G$92,6,FALSE),"") | F27: =IFERROR(VLOOKUP($C$22&"|"&4,Estructuras_Detalle!$A$2:$G$92,3,FALSE),"") | G27: =IFERROR(VLOOKUP($C$22&"|"&4,Estructuras_Detalle!$A$2:$G$92,7,FALSE),"")
B28: =IFERROR(VLOOKUP($C$22&"|"&5,Estructuras_Detalle!$A$2:$G$92,4,FALSE),"") | C28: =IFERROR(VLOOKUP($C$22&"|"&5,Estructuras_Detalle!$A$2:$G$92,4,FALSE)*$E$22,"") | D28: =IFERROR(VLOOKUP($C$22&"|"&5,Estructuras_Detalle!$A$2:$G$92,5,FALSE),"") | E28: =IFERROR(VLOOKUP($C$22&"|"&5,Estructuras_Detalle!$A$2:$G$92,6,FALSE),"") | F28: =IFERROR(VLOOKUP($C$22&"|"&5,Estructuras_Detalle!$A$2:$G$92,3,FALSE),"") | G28: =IFERROR(VLOOKUP($C$22&"|"&5,Estructuras_Detalle!$A$2:$G$92,7,FALSE),"")
B29: =IFERROR(VLOOKUP($C$22&"|"&6,Estructuras_Detalle!$A$2:$G$92,4,FALSE),"") | C29: =IFERROR(VLOOKUP($C$22&"|"&6,Estructuras_Detalle!$A$2:$G$92,4,FALSE)*$E$22,"") | D29: =IFERROR(VLOOKUP($C$22&"|"&6,Estructuras_Detalle!$A$2:$G$92,5,FALSE),"") | E29: =IFERROR(VLOOKUP($C$22&"|"&6,Estructuras_Detalle!$A$2:$G$92,6,FALSE),"") | F29: =IFERROR(VLOOKUP($C$22&"|"&6,Estructuras_Detalle!$A$2:$G$92,3,FALSE),"") | G29: =IFERROR(VLOOKUP($C$22&"|"&6,Estructuras_Detalle!$A$2:$G$92,7,FALSE),"")
B30: =IFERROR(VLOOKUP($C$22&"|"&7,Estructuras_Detalle!$A$2:$G$92,4,FALSE),"") | C30: =IFERROR(VLOOKUP($C$22&"|"&7,Estructuras_Detalle!$A$2:$G$92,4,FALSE)*$E$22,"") | D30: =IFERROR(VLOOKUP($C$22&"|"&7,Estructuras_Detalle!$A$2:$G$92,5,FALSE),"") | E30: =IFERROR(VLOOKUP($C$22&"|"&7,Estructuras_Detalle!$A$2:$G$92,6,FALSE),"") | F30: =IFERROR(VLOOKUP($C$22&"|"&7,Estructuras_Detalle!$A$2:$G$92,3,FALSE),"") | G30: =IFERROR(VLOOKUP($C$22&"|"&7,Estructuras_Detalle!$A$2:$G$92,7,FALSE),"")
B31: =IFERROR(VLOOKUP($C$22&"|"&8,Estructuras_Detalle!$A$2:$G$92,4,FALSE),"") | C31: =IFERROR(VLOOKUP($C$22&"|"&8,Estructuras_Detalle!$A$2:$G$92,4,FALSE)*$E$22,"") | D31: =IFERROR(VLOOKUP($C$22&"|"&8,Estructuras_Detalle!$A$2:$G$92,5,FALSE),"") | E31: =IFERROR(VLOOKUP($C$22&"|"&8,Estructuras_Detalle!$A$2:$G$92,6,FALSE),"") | F31: =IFERROR(VLOOKUP($C$22&"|"&8,Estructuras_Detalle!$A$2:$G$92,3,FALSE),"") | G31: =IFERROR(VLOOKUP($C$22&"|"&8,Estructuras_Detalle!$A$2:$G$92,7,FALSE),"")
B32: =IFERROR(VLOOKUP($C$22&"|"&9,Estructuras_Detalle!$A$2:$G$92,4,FALSE),"") | C32: =IFERROR(VLOOKUP($C$22&"|"&9,Estructuras_Detalle!$A$2:$G$92,4,FALSE)*$E$22,"") | D32: =IFERROR(VLOOKUP($C$22&"|"&9,Estructuras_Detalle!$A$2:$G$92,5,FALSE),"") | E32: =IFERROR(VLOOKUP($C$22&"|"&9,Estructuras_Detalle!$A$2:$G$92,6,FALSE),"") | F32: =IFERROR(VLOOKUP($C$22&"|"&9,Estructuras_Detalle!$A$2:$G$92,3,FALSE),"") | G32: =IFERROR(VLOOKUP($C$22&"|"&9,Estructuras_Detalle!$A$2:$G$92,7,FALSE),"")
B33: =IF($C$6="MIBET",IF($C$5="Suelo/Losa","Kit indivisible: ya viene armado (sin despiece adicional).",""),"")
B35: SOPORTE BATERÍA (solo kits HV)
B36: Qty | C36: Item | D36: Categoría | E36: Marca | F36: Código
B37: =IFERROR(VLOOKUP($C$4&"|"&$C$7,BOM_Soporte!$A$2:$H$9,4,FALSE),"N/A") | C37: =IFERROR(VLOOKUP($C$4&"|"&$C$7,BOM_Soporte!$A$2:$H$9,5,FALSE),"N/A para este kit") | D37: =IFERROR(VLOOKUP($C$4&"|"&$C$7,BOM_Soporte!$A$2:$H$9,6,FALSE),"") | E37: =IFERROR(VLOOKUP($C$4&"|"&$C$7,BOM_Soporte!$A$2:$H$9,7,FALSE),"") | F37: =IFERROR(VLOOKUP($C$4&"|"&$C$7,BOM_Soporte!$A$2:$H$9,8,FALSE),"")

Sheet Kits
A1: Código Kit | B1: Nombre | C1: Fase | D1: Tipo | E1: Potencia (kW) | F1: Cant. Paneles | G1: Lleva Soporte Batería
A2: EC-3K | B2: Economy 3 kW | C2: Monofásica | D2: On-Grid | E2: 3 | F2: 6 | G2: N
A3: EC-5K | B3: Economy Plus 5 kW | C3: Monofásica | D3: On-Grid | E3: 5 | F3: 10 | G3: N
A4: EC-6K | B4: Economy Pro 6 kW | C4: Monofásica | D4: On-Grid | E4: 6 | F4: 12 | G4: N
A5: AC/R-3K | B5: Always Connected / Rural 3 kW | C5: Monofásica | D5: Híbrido | E5: 3 | F5: 6 | G5: N
A6: AC/R-5K | B6: Always Connected / Rural 5 kW | C6: Monofásica | D6: Híbrido | E6: 5 | F6: 12 | G6: N
A7: ECT-8K | B7: Economy T 8 kW | C7: Trifásica | D7: On-Grid | E7: 8 | F7: 16 | G7: N
A8: ECT-12K | B8: Economy T Plus 12 kW | C8: Trifásica | D8: On-Grid | E8: 12 | F8: 24 | G8: N
A9: ECT-20K | B9: Economy T Pro 20 kW | C9: Trifásica | D9: On-Grid | E9: 20 | F9: 40 | G9: N
A10: PS-8K | B10: Power Station 8 kW | C10: Trifásica | D10: Híbrido | E10: 8 | F10: 16 | G10: S
A11: PS-10K | B11: Power Station Plus 10 kW | C11: Trifásica | D11: Híbrido | E11: 10 | F11: 18 | G11: S
A12: PS-12K | B12: Power Station Pro 12 kW | C12: Trifásica | D12: Híbrido | E12: 12 | F12: 24 | G12: S
A13: PS-15K | B13: Power Station Mega 15 kW | C13: Trifásica | D13: Híbrido | E13: 15 | F13: 32 | G13: S

Sheet BOM_Base
A1: Key | B1: Código Kit | C1: Tipo | D1: Qty | E1: Item | F1: Categoría | G1: Marca | H1: Código
A2: EC-3K|1 | B2: EC-3K | C2: Base | D2: 1 | E2: Inversor Monofásico ON-GRID 3 kW | F2: Inverters | G2: GOODWE | H2: GW3000-XS-30
A3: EC-3K|2 | B3: EC-3K | C3: Base | D3: 6 | E3: Módulo Fotovoltaico TOPCon Bifacial 585w | F3: Paneles FV | G3: TCL SOLAR | H3: TCL-MI585DH182-72NT
A4: EC-3K|3 | B4: EC-3K | C4: Base | D4: 1 | E4: SET Cables + Conectores | F4: Cables | G4: GENERICO | H4: CC-20
A5: EC-3K|4 | B5: EC-3K | C5: Base | D5: 1 | E5: Smart Energy Controller Monofásico | F5: Accesorios | G5: GOODWE | H5: GMK110
A6: EC-5K|1 | B6: EC-5K | C6: Base | D6: 1 | E6: Inversor Monofásico ON-GRID 5 kW | F6: Inverters | G6: GOODWE | H6: GW5000-MS-30
A7: EC-5K|2 | B7: EC-5K | C7: Base | D7: 10 | E7: Módulo Fotovoltaico TOPCon Bifacial 585w | F7: Paneles FV | G7: TCL SOLAR | H7: TCL-MI585DH182-72NT
A8: EC-5K|3 | B8: EC-5K | C8: Base | D8: 2 | E8: SET Cables + Conectores | F8: Cables | G8: GENERICO | H8: CC-20
A9: EC-5K|4 | B9: EC-5K | C9: Base | D9: 1 | E9: Smart Energy Controller Monofásico | F9: Accesorios | G9: GOODWE | H9: GMK110
A10: EC-6K|1 | B10: EC-6K | C10: Base | D10: 1 | E10: Inversor Monofásico ON-GRID 6 kW | F10: Inverters | G10: GOODWE | H10: GW6000-MS-30
A11: EC-6K|2 | B11: EC-6K | C11: Base | D11: 12 | E11: Módulo Fotovoltaico TOPCon Bifacial 585w | F11: Paneles FV | G11: TCL SOLAR | H11: TCL-MI585DH182-72NT
A12: EC-6K|3 | B12: EC-6K | C12: Base | D12: 2 | E12: SET Cables + Conectores | F12: Cables | G12: GENERICO | H12: CC-20
A13: EC-6K|4 | B13: EC-6K | C13: Base | D13: 1 | E13: Smart Energy Controller Monofásico | F13: Accesorios | G13: GOODWE | H13: GMK110
... A55: PS-15K|5 | B55: PS-15K | C55: Base | D55: 1 | E55: Smart Energy Controller Trifásico | F55: Accesorios | G55: GOODWE | H55: GMK330

Sheet BOM_Estructura
A1: Key | B1: Código Kit | C1: Tipo Estructura | D1: Marca | E1: Qty | F1: Item | G1: Categoría | H1: Código Set
A2: EC-3K|Chapa|SOLARMET | B2: EC-3K | C2: Chapa | D2: SOLARMET | E2: 1 | F2: Set Estructuras Techo Coplanar Chapa SOLARMET (x6) | G2: Estructuras | H2: C-6U
A3: EC-3K|Chapa|MIBET | B3: EC-3K | C3: Chapa | D3: MIBET | E3: 1 | F3: Set Estructura Coplanar Chapa MIBET (x6) | G3: Estructuras | H3: S6-CH
A4: EC-3K|Teja|SOLARMET | B4: EC-3K | C4: Teja | D4: SOLARMET | E4: 1 | F4: Set Estructuras Techo Coplanar Teja SOLARMET (x6) | G4: Estructuras | H4: T-6U
A5: EC-3K|Teja|MIBET | B5: EC-3K | C5: Teja | D5: MIBET | E5: 1 | F5: Set Estructura Coplanar Teja MIBET (x6) | G5: Estructuras | H5: S6-TJ
A6: EC-3K|Suelo/Losa|SOLARMET | B6: EC-3K | C6: Suelo/Losa | D6: SOLARMET | E6: 1 | F6: Set Estructuras Suelo / Losa SOLARMET (x6) | G6: Estructuras | H6: SL-6U
A7: EC-3K|Suelo/Losa|MIBET | B7: EC-3K | C7: Suelo/Losa | D7: MIBET | E7: 1 | F7: Kit Estructura Suelo MIBET GMS-3x720 (6 paneles c/u — viene armado) | G7: Estructuras | H7: GMS-3x720
A8: EC-5K|Chapa|SOLARMET | B8: EC-5K | C8: Chapa | D8: SOLARMET | E8: 2 | F8: Set Estructuras Techo Coplanar Chapa SOLARMET (x5) | G8: Estructuras | H8: C-5U
A9: EC-5K|Chapa|MIBET | B9: EC-5K | C9: Chapa | D9: MIBET | E9: 2 | F9: Set Estructura Coplanar Chapa MIBET (x5) | G9: Estructuras | H9: S5-CH
A10: EC-5K|Teja|SOLARMET | B10: EC-5K | C10: Teja | D10: SOLARMET | E10: 2 | F10: Set Estructuras Techo Coplanar Teja SOLARMET (x5) | G10: Estructuras | H10: T-5U
A11: EC-5K|Teja|MIBET | B11: EC-5K | C11: Teja | D11: MIBET | E11: 2 | F11: Set Estructura Coplanar Teja MIBET (x5) | G11: Estructuras | H11: S5-TJ
A12: EC-5K|Suelo/Losa|SOLARMET | B12: EC-5K | C12: Suelo/Losa | D12: SOLARMET | E12: 2 | F12: Set Estructuras Suelo / Losa SOLARMET (x5) | G12: Estructuras | H12: SL-5U
A13: EC-5K|Suelo/Losa|MIBET | B13: EC-5K | C13: Suelo/Losa | D13: MIBET | E13: 2 | F13: Kit Estructura Suelo MIBET GMS-3x720 (6 paneles c/u — viene armado) | G13: Estructuras | H13: GMS-3x720
... A73: PS-15K|Suelo/Losa|MIBET | B73: PS-15K | C73: Suelo/Losa | D73: MIBET | E73: 8 | F73: Kit Estructura Suelo MIBET GMS-3x720 (6 paneles c/u — viene armado) | G73: Estructuras | H73: GMS-3x720

Sheet BOM_Soporte
A1: Key | B1: Código Kit | C1: Tipo Soporte | D1: Qty | E1: Item | F1: Categoría | G1: Marca | H1: Código
A2: PS-8K|Pared | B2: PS-8K | C2: Pared | D2: 1 | E2: Soporte batería Lynx D para pared | F2: Accesorios | G2: SOLARMET | H2: Hanger assembly for Lynx D
A3: PS-8K|Suelo | B3: PS-8K | C3: Suelo | D3: 1 | E3: Base batería Lynx D para suelo | F3: Accesorios | G3: SOLARMET | H3: Base assembly for Lynx D
A4: PS-10K|Pared | B4: PS-10K | C4: Pared | D4: 1 | E4: Soporte batería Lynx D para pared | F4: Accesorios | G4: SOLARMET | H4: Hanger assembly for Lynx D
A5: PS-10K|Suelo | B5: PS-10K | C5: Suelo | D5: 1 | E5: Base batería Lynx D para suelo | F5: Accesorios | G5: SOLARMET | H5: Base assembly for Lynx D
A6: PS-12K|Pared | B6: PS-12K | C6: Pared | D6: 2 | E6: Soporte batería Lynx D para pared | F6: Accesorios | G6: SOLARMET | H6: Hanger assembly for Lynx D
A7: PS-12K|Suelo | B7: PS-12K | C7: Suelo | D7: 2 | E7: Base batería Lynx D para suelo | F7: Accesorios | G7: SOLARMET | H7: Base assembly for Lynx D
A8: PS-15K|Pared | B8: PS-15K | C8: Pared | D8: 2 | E8: Soporte batería Lynx D para pared | F8: Accesorios | G8: SOLARMET | H8: Hanger assembly for Lynx D
A9: PS-15K|Suelo | B9: PS-15K | C9: Suelo | D9: 2 | E9: Base batería Lynx D para suelo | F9: Accesorios | G9: SOLARMET | H9: Base assembly for Lynx D

Sheet Estructuras_Detalle
A1: Key | B1: Código Set | C1: Marca | D1: Qty (por set) | E1: Item | F1: Categoría | G1: Código
A2: C-5U|1 | B2: C-5U | C2: SOLARMET | D2: 12 | E2: MiniMET 0.5m Mini Riel Solarmet | F2: Estructuras | G2: NESTMNR050
A3: C-5U|2 | B3: C-5U | C3: SOLARMET | D3: 1 | E3: Kit Anclajes Laterales | F3: Estructuras | G3: NESTSKITAL
A4: C-5U|3 | B4: C-5U | C4: SOLARMET | D4: 2 | E4: Kit Anclajes Medios - 4 Paneles | F4: Estructuras | G4: NESTSKITM4
A5: C-6U|1 | B5: C-6U | C5: SOLARMET | D5: 14 | E5: MiniMET 0.5m Mini Riel Solarmet | F5: Estructuras | G5: NESTMNR050
A6: C-6U|2 | B6: C-6U | C6: SOLARMET | D6: 1 | E6: Kit Anclajes Laterales | F6: Estructuras | G6: NESTSKITAL
A7: C-6U|3 | B7: C-6U | C7: SOLARMET | D7: 2 | E7: Kit Anclajes Medios - 4 Paneles | F7: Estructuras | G7: NESTSKITM4
A8: C-8U|1 | B8: C-8U | C8: SOLARMET | D8: 18 | E8: MiniMET 0.5m Mini Riel Solarmet | F8: Estructuras | G8: NESTMNR050
A9: C-8U|2 | B9: C-8U | C9: SOLARMET | D9: 1 | E9: Kit Anclajes Laterales | F9: Estructuras | G9: NESTSKITAL
A10: C-8U|3 | B10: C-8U | C10: SOLARMET | D10: 3 | E10: Kit Anclajes Medios - 4 Paneles | F10: Estructuras | G10: NESTSKITM4
A11: T-5U|1 | B11: T-5U | C11: SOLARMET | D11: 4 | E11: Perfil CODA N2 (3.55m) | F11: Estructuras | G11: NESTSCO35D
A12: T-5U|2 | B12: T-5U | C12: SOLARMET | D12: 2 | E12: Anclaje Teja V2 | F12: Estructuras | G12: NESTSTEJA1
A13: T-5U|3 | B13: T-5U | C13: SOLARMET | D13: 1 | E13: Kit Anclajes Laterales | F13: Estructuras | G13: NESTSKITAL
... A92: S8-TJ|9 | B92: S8-TJ | C92: MIBET | D92: 8 | E92: Clip para cable (gestión de cableado) | F92: Estructuras | G92: SUS304-6 (CC)

Sheet Master_Data
A1: Categoría | B1: Marca | C1: Código (SKU) | D1: Descripción del Componente
A2: Paneles FV | B2: TCL SOLAR | C2: TCL-MI585DH182-72NT | D2: Módulo Fotovoltaico TOPCon Bifacial 585w
A3: Inverters | B3: GOODWE | C3: GW3000-XS-30 | D3: Inversor Monofásico ON-GRID 3 kW
A4: Inverters | B4: GOODWE | C4: GW3000-ES-20 | D4: Inversor Monofásico HIBRIDO 3 kW
A5: Inverters | B5: GOODWE | C5: GW5000-MS-30 | D5: Inversor Monofásico ON-GRID 5 kW
A6: Inverters | B6: GOODWE | C6: GW5000-ES-20 | D6: Inversor Monofásico HIBRIDO 5 kW
A7: Inverters | B7: GOODWE | C7: GW6000-MS-30 | D7: Inversor Monofásico ON-GRID 6 kW
A8: Inverters | B8: GOODWE | C8: GW8000-SDT-30 | D8: Inversor Trifásico ON-GRID 8 kW
A9: Inverters | B9: GOODWE | C9: GW8000-ET-20 | D9: Inversor Trifásico HIBRIDO 8 kW
A10: Inverters | B10: GOODWE | C10: GW10K-ET-20 | D10: Inversor Trifásico HIBRIDO 10 kW
A11: Inverters | B11: GOODWE | C11: GW12K-SDT-30 | D11: Inversor Trifásico ON-GRID 12 kW
A12: Inverters | B12: GOODWE | C12: GW12K-ET-20 | D12: Inversor Trifásico HIBRIDO 12 kW
... A31: Cables | B31: GENERICO | C31: - | D31: Cable solar x 6mm2 (x metro) - Color Negro
